Çorum Namaz Vakitleri | Diyanet İşleri Başkanlığı,,,,,,,
Çorum İçin Yıllık Namaz Vakti,,,,,,,
Miladi Tarih,Hicri Tarih,İmsak,Güneş,Öğle,İkindi,Akşam,Yatsı
01 Ocak 2026 Perşembe,12 Recep 1447,06:26,07:57,12:49,15:10,17:30,18:56
02 Ocak 2026 Cuma,13 Recep 1447,06:26,07:57,12:49,15:10,17:31,18:57
03 Ocak 2026 Cumartesi,14 Recep 1447,06:26,07:57,12:49,15:11,17:32,18:58
04 Ocak 2026 Pazar,15 Recep 1447,06:26,07:57,12:50,15:12,17:33,18:58
05 Ocak 2026 Pazartesi,16 Recep 1447,06:26,07:57,12:50,15:13,17:34,18:59
06 Ocak 2026 Salı,17 Recep 1447,06:26,07:57,12:51,15:14,17:35,19:00
07 Ocak 2026 Çarşamba,18 Recep 1447,06:26,07:57,12:51,15:15,17:36,19:01
08 Ocak 2026 Perşembe,19 Recep 1447,06:26,07:57,12:52,15:15,17:37,19:02
09 Ocak 2026 Cuma,20 Recep 1447,06:26,07:57,12:52,15:16,17:38,19:03
10 Ocak 2026 Cumartesi,21 Recep 1447,06:26,07:56,12:53,15:17,17:39,19:03
11 Ocak 2026 Pazar,22 Recep 1447,06:26,07:56,12:53,15:18,17:40,19:04
12 Ocak 2026 Pazartesi,23 Recep 1447,06:26,07:56,12:53,15:19,17:41,19:05
13 Ocak 2026 Salı,24 Recep 1447,06:26,07:56,12:54,15:20,17:42,19:06
14 Ocak 2026 Çarşamba,25 Recep 1447,06:26,07:55,12:54,15:21,17:43,19:07
15 Ocak 2026 Perşembe,26 Recep 1447,06:25,07:55,12:54,15:22,17:44,19:08
16 Ocak 2026 Cuma,27 Recep 1447,06:25,07:54,12:55,15:23,17:45,19:09
17 Ocak 2026 Cumartesi,28 Recep 1447,06:25,07:54,12:55,15:24,17:46,19:10
18 Ocak 2026 Pazar,29 Recep 1447,06:24,07:54,12:55,15:25,17:47,19:11
19 Ocak 2026 Pazartesi,30 Recep 1447,06:24,07:53,12:56,15:26,17:49,19:12
20 Ocak 2026 Salı,1 Şaban 1447,06:24,07:52,12:56,15:27,17:50,19:13
21 Ocak 2026 Çarşamba,2 Şaban 1447,06:23,07:52,12:56,15:28,17:51,19:14
22 Ocak 2026 Perşembe,3 Şaban 1447,06:23,07:51,12:57,15:29,17:52,19:15
23 Ocak 2026 Cuma,4 Şaban 1447,06:22,07:51,12:57,15:30,17:53,19:16
24 Ocak 2026 Cumartesi,5 Şaban 1447,06:22,07:50,12:57,15:31,17:54,19:17
25 Ocak 2026 Pazar,6 Şaban 1447,06:21,07:49,12:57,15:32,17:56,19:18
26 Ocak 2026 Pazartesi,7 Şaban 1447,06:21,07:48,12:58,15:33,17:57,19:19
27 Ocak 2026 Salı,8 Şaban 1447,06:20,07:48,12:58,15:34,17:58,19:20
28 Ocak 2026 Çarşamba,9 Şaban 1447,06:19,07:47,12:58,15:35,17:59,19:21
29 Ocak 2026 Perşembe,10 Şaban 1447,06:19,07:46,12:58,15:36,18:01,19:22
30 Ocak 2026 Cuma,11 Şaban 1447,06:18,07:45,12:58,15:37,18:02,19:23
31 Ocak 2026 Cumartesi,12 Şaban 1447,06:17,07:44,12:59,15:38,18:03,19:25
01 Şubat 2026 Pazar,13 Şaban 1447,06:17,07:43,12:59,15:39,18:04,19:26
02 Şubat 2026 Pazartesi,14 Şaban 1447,06:16,07:42,12:59,15:40,18:05,19:27
03 Şubat 2026 Salı,15 Şaban 1447,06:15,07:41,12:59,15:41,18:07,19:28
04 Şubat 2026 Çarşamba,16 Şaban 1447,06:14,07:40,12:59,15:42,18:08,19:29
05 Şubat 2026 Perşembe,17 Şaban 1447,06:13,07:39,12:59,15:43,18:09,19:30
06 Şubat 2026 Cuma,18 Şaban 1447,06:12,07:38,12:59,15:44,18:10,19:31
07 Şubat 2026 Cumartesi,19 Şaban 1447,06:11,07:37,12:59,15:45,18:12,19:32
08 Şubat 2026 Pazar,20 Şaban 1447,06:10,07:36,12:59,15:46,18:13,19:33
09 Şubat 2026 Pazartesi,21 Şaban 1447,06:09,07:35,12:59,15:47,18:14,19:34
10 Şubat 2026 Salı,22 Şaban 1447,06:08,07:34,12:59,15:48,18:15,19:35
11 Şubat 2026 Çarşamba,23 Şaban 1447,06:07,07:32,12:59,15:49,18:16,19:36
12 Şubat 2026 Perşembe,24 Şaban 1447,06:06,07:31,12:59,15:50,18:18,19:37
13 Şubat 2026 Cuma,25 Şaban 1447,06:05,07:30,12:59,15:51,18:19,19:39
14 Şubat 2026 Cumartesi,26 Şaban 1447,06:04,07:29,12:59,15:52,18:20,19:40
15 Şubat 2026 Pazar,27 Şaban 1447,06:03,07:27,12:59,15:53,18:21,19:41
16 Şubat 2026 Pazartesi,28 Şaban 1447,06:02,07:26,12:59,15:54,18:22,19:42
17 Şubat 2026 Salı,29 Şaban 1447,06:00,07:25,12:59,15:55,18:24,19:43
18 Şubat 2026 Çarşamba,30 Şaban 1447,05:59,07:23,12:59,15:56,18:25,19:44
19 Şubat 2026 Perşembe,1 Ramazan 1447,05:58,07:22,12:59,15:57,18:26,19:45
20 Şubat 2026 Cuma,2 Ramazan 1447,05:57,07:21,12:59,15:57,18:27,19:46
21 Şubat 2026 Cumartesi,3 Ramazan 1447,05:55,07:19,12:59,15:58,18:28,19:47
22 Şubat 2026 Pazar,4 Ramazan 1447,05:54,07:18,12:59,15:59,18:30,19:48
23 Şubat 2026 Pazartesi,5 Ramazan 1447,05:53,07:16,12:59,16:00,18:31,19:49
24 Şubat 2026 Salı,6 Ramazan 1447,05:51,07:15,12:58,16:01,18:32,19:51
25 Şubat 2026 Çarşamba,7 Ramazan 1447,05:50,07:14,12:58,16:02,18:33,19:52
26 Şubat 2026 Perşembe,8 Ramazan 1447,05:48,07:12,12:58,16:02,18:34,19:53
27 Şubat 2026 Cuma,9 Ramazan 1447,05:47,07:11,12:58,16:03,18:35,19:54
28 Şubat 2026 Cumartesi,10 Ramazan 1447,05:45,07:09,12:58,16:04,18:36,19:55
01 Mart 2026 Pazar,11 Ramazan 1447,05:44,07:08,12:58,16:05,18:38,19:56
02 Mart 2026 Pazartesi,12 Ramazan 1447,05:42,07:06,12:57,16:05,18:39,19:57
03 Mart 2026 Salı,13 Ramazan 1447,05:41,07:05,12:57,16:06,18:40,19:58
04 Mart 2026 Çarşamba,14 Ramazan 1447,05:39,07:03,12:57,16:07,18:41,19:59
05 Mart 2026 Perşembe,15 Ramazan 1447,05:38,07:01,12:57,16:08,18:42,20:00
06 Mart 2026 Cuma,16 Ramazan 1447,05:36,07:00,12:57,16:08,18:43,20:02
07 Mart 2026 Cumartesi,17 Ramazan 1447,05:35,06:58,12:56,16:09,18:44,20:03
08 Mart 2026 Pazar,18 Ramazan 1447,05:33,06:57,12:56,16:10,18:45,20:04
09 Mart 2026 Pazartesi,19 Ramazan 1447,05:31,06:55,12:56,16:10,18:47,20:05
10 Mart 2026 Salı,20 Ramazan 1447,05:30,06:54,12:56,16:11,18:48,20:06
11 Mart 2026 Çarşamba,21 Ramazan 1447,05:28,06:52,12:55,16:12,18:49,20:07
12 Mart 2026 Perşembe,22 Ramazan 1447,05:27,06:50,12:55,16:12,18:50,20:08
13 Mart 2026 Cuma,23 Ramazan 1447,05:25,06:49,12:55,16:13,18:51,20:09
14 Mart 2026 Cumartesi,24 Ramazan 1447,05:23,06:47,12:55,16:13,18:52,20:11
15 Mart 2026 Pazar,25 Ramazan 1447,05:21,06:45,12:54,16:14,18:53,20:12
16 Mart 2026 Pazartesi,26 Ramazan 1447,05:20,06:44,12:54,16:15,18:54,20:13
17 Mart 2026 Salı,27 Ramazan 1447,05:18,06:42,12:54,16:15,18:55,20:14
18 Mart 2026 Çarşamba,28 Ramazan 1447,05:16,06:41,12:53,16:16,18:56,20:15
19 Mart 2026 Perşembe,29 Ramazan 1447,05:14,06:39,12:53,16:16,18:57,20:16
20 Mart 2026 Cuma,1 Şevval 1447,05:13,06:37,12:53,16:17,18:58,20:17
21 Mart 2026 Cumartesi,2 Şevval 1447,05:11,06:36,12:53,16:17,18:59,20:19
22 Mart 2026 Pazar,3 Şevval 1447,05:09,06:34,12:52,16:18,19:01,20:20
23 Mart 2026 Pazartesi,4 Şevval 1447,05:07,06:32,12:52,16:18,19:02,20:21
24 Mart 2026 Salı,5 Şevval 1447,05:06,06:31,12:52,16:19,19:03,20:22
25 Mart 2026 Çarşamba,6 Şevval 1447,05:04,06:29,12:51,16:19,19:04,20:23
26 Mart 2026 Perşembe,7 Şevval 1447,05:02,06:27,12:51,16:20,19:05,20:25
27 Mart 2026 Cuma,8 Şevval 1447,05:00,06:26,12:51,16:20,19:06,20:26
28 Mart 2026 Cumartesi,9 Şevval 1447,04:58,06:24,12:50,16:21,19:07,20:27
29 Mart 2026 Pazar,10 Şevval 1447,04:56,06:22,12:50,16:21,19:08,20:28
30 Mart 2026 Pazartesi,11 Şevval 1447,04:55,06:21,12:50,16:22,19:09,20:29
31 Mart 2026 Salı,12 Şevval 1447,04:53,06:19,12:50,16:22,19:10,20:31
01 Nisan 2026 Çarşamba,13 Şevval 1447,04:51,06:17,12:49,16:22,19:11,20:32
02 Nisan 2026 Perşembe,14 Şevval 1447,04:49,06:16,12:49,16:23,19:12,20:33
03 Nisan 2026 Cuma,15 Şevval 1447,04:47,06:14,12:49,16:23,19:13,20:34
04 Nisan 2026 Cumartesi,16 Şevval 1447,04:45,06:13,12:48,16:24,19:14,20:36
05 Nisan 2026 Pazar,17 Şevval 1447,04:43,06:11,12:48,16:24,19:15,20:37
06 Nisan 2026 Pazartesi,18 Şevval 1447,04:41,06:09,12:48,16:24,19:16,20:38
07 Nisan 2026 Salı,19 Şevval 1447,04:40,06:08,12:47,16:25,19:17,20:40
08 Nisan 2026 Çarşamba,20 Şevval 1447,04:38,06:06,12:47,16:25,19:18,20:41
09 Nisan 2026 Perşembe,21 Şevval 1447,04:36,06:05,12:47,16:26,19:19,20:42
10 Nisan 2026 Cuma,22 Şevval 1447,04:34,06:03,12:47,16:26,19:20,20:43
11 Nisan 2026 Cumartesi,23 Şevval 1447,04:32,06:01,12:46,16:26,19:21,20:45
12 Nisan 2026 Pazar,24 Şevval 1447,04:30,06:00,12:46,16:27,19:22,20:46
13 Nisan 2026 Pazartesi,25 Şevval 1447,04:28,05:58,12:46,16:27,19:23,20:47
14 Nisan 2026 Salı,26 Şevval 1447,04:26,05:57,12:46,16:27,19:24,20:49
15 Nisan 2026 Çarşamba,27 Şevval 1447,04:24,05:55,12:45,16:28,19:26,20:50
16 Nisan 2026 Perşembe,28 Şevval 1447,04:23,05:54,12:45,16:28,19:27,20:52
17 Nisan 2026 Cuma,29 Şevval 1447,04:21,05:52,12:45,16:28,19:28,20:53
18 Nisan 2026 Cumartesi,1 Zilkade 1447,04:19,05:51,12:45,16:29,19:29,20:54
19 Nisan 2026 Pazar,2 Zilkade 1447,04:17,05:49,12:44,16:29,19:30,20:56
20 Nisan 2026 Pazartesi,3 Zilkade 1447,04:15,05:48,12:44,16:29,19:31,20:57
21 Nisan 2026 Salı,4 Zilkade 1447,04:13,05:46,12:44,16:29,19:32,20:59
22 Nisan 2026 Çarşamba,5 Zilkade 1447,04:11,05:45,12:44,16:30,19:33,21:00
23 Nisan 2026 Perşembe,6 Zilkade 1447,04:10,05:43,12:44,16:30,19:34,21:01
24 Nisan 2026 Cuma,7 Zilkade 1447,04:08,05:42,12:43,16:30,19:35,21:03
25 Nisan 2026 Cumartesi,8 Zilkade 1447,04:06,05:41,12:43,16:31,19:36,21:04
26 Nisan 2026 Pazar,9 Zilkade 1447,04:04,05:39,12:43,16:31,19:37,21:06
27 Nisan 2026 Pazartesi,10 Zilkade 1447,04:02,05:38,12:43,16:31,19:38,21:07
28 Nisan 2026 Salı,11 Zilkade 1447,04:00,05:37,12:43,16:31,19:39,21:09
29 Nisan 2026 Çarşamba,12 Zilkade 1447,03:59,05:35,12:43,16:32,19:40,21:10
30 Nisan 2026 Perşembe,13 Zilkade 1447,03:57,05:34,12:42,16:32,19:41,21:12
01 Mayıs 2026 Cuma,14 Zilkade 1447,03:55,05:33,12:42,16:32,19:42,21:13
02 Mayıs 2026 Cumartesi,15 Zilkade 1447,03:53,05:31,12:42,16:33,19:43,21:14
03 Mayıs 2026 Pazar,16 Zilkade 1447,03:52,05:30,12:42,16:33,19:44,21:16
04 Mayıs 2026 Pazartesi,17 Zilkade 1447,03:50,05:29,12:42,16:33,19:45,21:17
05 Mayıs 2026 Salı,18 Zilkade 1447,03:48,05:28,12:42,16:33,19:46,21:19
06 Mayıs 2026 Çarşamba,19 Zilkade 1447,03:46,05:26,12:42,16:34,19:47,21:20
07 Mayıs 2026 Perşembe,20 Zilkade 1447,03:45,05:25,12:42,16:34,19:48,21:22
08 Mayıs 2026 Cuma,21 Zilkade 1447,03:43,05:24,12:42,16:34,19:49,21:23
09 Mayıs 2026 Cumartesi,22 Zilkade 1447,03:41,05:23,12:42,16:34,19:50,21:25
10 Mayıs 2026 Pazar,23 Zilkade 1447,03:40,05:22,12:42,16:35,19:51,21:26
11 Mayıs 2026 Pazartesi,24 Zilkade 1447,03:38,05:21,12:42,16:35,19:52,21:28
12 Mayıs 2026 Salı,25 Zilkade 1447,03:37,05:20,12:42,16:35,19:53,21:29
13 Mayıs 2026 Çarşamba,26 Zilkade 1447,03:35,05:19,12:42,16:36,19:54,21:31
14 Mayıs 2026 Perşembe,27 Zilkade 1447,03:33,05:18,12:42,16:36,19:55,21:32
15 Mayıs 2026 Cuma,28 Zilkade 1447,03:32,05:17,12:42,16:36,19:56,21:34
16 Mayıs 2026 Cumartesi,29 Zilkade 1447,03:30,05:16,12:42,16:36,19:57,21:35
17 Mayıs 2026 Pazar,30 Zilkade 1447,03:29,05:15,12:42,16:37,19:58,21:37
18 Mayıs 2026 Pazartesi,1 Zilhicce 1447,03:28,05:14,12:42,16:37,19:59,21:38
19 Mayıs 2026 Salı,2 Zilhicce 1447,03:26,05:13,12:42,16:37,20:00,21:39
20 Mayıs 2026 Çarşamba,3 Zilhicce 1447,03:25,05:12,12:42,16:37,20:01,21:41
21 Mayıs 2026 Perşembe,4 Zilhicce 1447,03:23,05:12,12:42,16:38,20:02,21:42
22 Mayıs 2026 Cuma,5 Zilhicce 1447,03:22,05:11,12:42,16:38,20:03,21:44
23 Mayıs 2026 Cumartesi,6 Zilhicce 1447,03:21,05:10,12:42,16:38,20:04,21:45
24 Mayıs 2026 Pazar,7 Zilhicce 1447,03:20,05:09,12:42,16:39,20:05,21:46
25 Mayıs 2026 Pazartesi,8 Zilhicce 1447,03:18,05:09,12:42,16:39,20:05,21:48
26 Mayıs 2026 Salı,9 Zilhicce 1447,03:17,05:08,12:42,16:39,20:06,21:49
27 Mayıs 2026 Çarşamba,10 Zilhicce 1447,03:16,05:08,12:42,16:39,20:07,21:50
28 Mayıs 2026 Perşembe,11 Zilhicce 1447,03:15,05:07,12:42,16:40,20:08,21:52
29 Mayıs 2026 Cuma,12 Zilhicce 1447,03:14,05:06,12:43,16:40,20:09,21:53
30 Mayıs 2026 Cumartesi,13 Zilhicce 1447,03:13,05:06,12:43,16:40,20:10,21:54
31 Mayıs 2026 Pazar,14 Zilhicce 1447,03:12,05:05,12:43,16:40,20:10,21:55
01 Haziran 2026 Pazartesi,15 Zilhicce 1447,03:11,05:05,12:43,16:41,20:11,21:56
02 Haziran 2026 Salı,16 Zilhicce 1447,03:10,05:05,12:43,16:41,20:12,21:57
03 Haziran 2026 Çarşamba,17 Zilhicce 1447,03:09,05:04,12:43,16:41,20:13,21:59
04 Haziran 2026 Perşembe,18 Zilhicce 1447,03:09,05:04,12:43,16:42,20:13,22:00
05 Haziran 2026 Cuma,19 Zilhicce 1447,03:08,05:03,12:44,16:42,20:14,22:01
06 Haziran 2026 Cumartesi,20 Zilhicce 1447,03:07,05:03,12:44,16:42,20:15,22:02
07 Haziran 2026 Pazar,21 Zilhicce 1447,03:07,05:03,12:44,16:42,20:15,22:03
08 Haziran 2026 Pazartesi,22 Zilhicce 1447,03:06,05:03,12:44,16:43,20:16,22:03
09 Haziran 2026 Salı,23 Zilhicce 1447,03:06,05:02,12:44,16:43,20:16,22:04
10 Haziran 2026 Çarşamba,24 Zilhicce 1447,03:05,05:02,12:45,16:43,20:17,22:05
11 Haziran 2026 Perşembe,25 Zilhicce 1447,03:05,05:02,12:45,16:43,20:17,22:06
12 Haziran 2026 Cuma,26 Zilhicce 1447,03:04,05:02,12:45,16:44,20:18,22:07
13 Haziran 2026 Cumartesi,27 Zilhicce 1447,03:04,05:02,12:45,16:44,20:18,22:07
14 Haziran 2026 Pazar,28 Zilhicce 1447,03:04,05:02,12:45,16:44,20:19,22:08
15 Haziran 2026 Pazartesi,29 Zilhicce 1447,03:04,05:02,12:46,16:44,20:19,22:08
16 Haziran 2026 Salı,1 Muharrem 1448,03:04,05:02,12:46,16:45,20:20,22:09
17 Haziran 2026 Çarşamba,2 Muharrem 1448,03:04,05:02,12:46,16:45,20:20,22:09
18 Haziran 2026 Perşembe,3 Muharrem 1448,03:04,05:02,12:46,16:45,20:20,22:10
19 Haziran 2026 Cuma,4 Muharrem 1448,03:04,05:02,12:46,16:45,20:21,22:10
20 Haziran 2026 Cumartesi,5 Muharrem 1448,03:04,05:02,12:47,16:46,20:21,22:11
21 Haziran 2026 Pazar,6 Muharrem 1448,03:04,05:03,12:47,16:46,20:21,22:11
22 Haziran 2026 Pazartesi,7 Muharrem 1448,03:04,05:03,12:47,16:46,20:21,22:11
23 Haziran 2026 Salı,8 Muharrem 1448,03:04,05:03,12:47,16:46,20:22,22:11
24 Haziran 2026 Çarşamba,9 Muharrem 1448,03:05,05:03,12:48,16:47,20:22,22:11
25 Haziran 2026 Perşembe,10 Muharrem 1448,03:05,05:04,12:48,16:47,20:22,22:11
26 Haziran 2026 Cuma,11 Muharrem 1448,03:06,05:04,12:48,16:47,20:22,22:11
27 Haziran 2026 Cumartesi,12 Muharrem 1448,03:06,05:04,12:48,16:47,20:22,22:11
28 Haziran 2026 Pazar,13 Muharrem 1448,03:07,05:05,12:48,16:47,20:22,22:11
29 Haziran 2026 Pazartesi,14 Muharrem 1448,03:07,05:05,12:49,16:47,20:22,22:11
30 Haziran 2026 Salı,15 Muharrem 1448,03:08,05:06,12:49,16:48,20:22,22:11
01 Temmuz 2026 Çarşamba,16 Muharrem 1448,03:09,05:06,12:49,16:48,20:22,22:10
02 Temmuz 2026 Perşembe,17 Muharrem 1448,03:09,05:07,12:49,16:48,20:22,22:10
03 Temmuz 2026 Cuma,18 Muharrem 1448,03:10,05:07,12:49,16:48,20:22,22:10
04 Temmuz 2026 Cumartesi,19 Muharrem 1448,03:11,05:08,12:50,16:48,20:21,22:09
05 Temmuz 2026 Pazar,20 Muharrem 1448,03:12,05:08,12:50,16:48,20:21,22:09
06 Temmuz 2026 Pazartesi,21 Muharrem 1448,03:13,05:09,12:50,16:48,20:21,22:08
07 Temmuz 2026 Salı,22 Muharrem 1448,03:14,05:10,12:50,16:48,20:21,22:08
08 Temmuz 2026 Çarşamba,23 Muharrem 1448,03:15,05:10,12:50,16:48,20:20,22:07
09 Temmuz 2026 Perşembe,24 Muharrem 1448,03:16,05:11,12:50,16:48,20:20,22:06
10 Temmuz 2026 Cuma,25 Muharrem 1448,03:17,05:12,12:51,16:48,20:20,22:06
11 Temmuz 2026 Cumartesi,26 Muharrem 1448,03:18,05:12,12:51,16:49,20:19,22:05
12 Temmuz 2026 Pazar,27 Muharrem 1448,03:19,05:13,12:51,16:49,20:19,22:04
13 Temmuz 2026 Pazartesi,28 Muharrem 1448,03:20,05:14,12:51,16:49,20:18,22:03
14 Temmuz 2026 Salı,29 Muharrem 1448,03:22,05:14,12:51,16:48,20:18,22:02
15 Temmuz 2026 Çarşamba,1 Safer 1448,03:23,05:15,12:51,16:48,20:17,22:01
16 Temmuz 2026 Perşembe,2 Safer 1448,03:24,05:16,12:51,16:48,20:17,22:00
17 Temmuz 2026 Cuma,3 Safer 1448,03:25,05:17,12:51,16:48,20:16,21:59
18 Temmuz 2026 Cumartesi,4 Safer 1448,03:27,05:18,12:51,16:48,20:15,21:58
19 Temmuz 2026 Pazar,5 Safer 1448,03:28,05:18,12:52,16:48,20:15,21:57
20 Temmuz 2026 Pazartesi,6 Safer 1448,03:29,05:19,12:52,16:48,20:14,21:56
21 Temmuz 2026 Salı,7 Safer 1448,03:31,05:20,12:52,16:48,20:13,21:54
22 Temmuz 2026 Çarşamba,8 Safer 1448,03:32,05:21,12:52,16:48,20:13,21:53
23 Temmuz 2026 Perşembe,9 Safer 1448,03:34,05:22,12:52,16:48,20:12,21:52
24 Temmuz 2026 Cuma,10 Safer 1448,03:35,05:23,12:52,16:47,20:11,21:51
25 Temmuz 2026 Cumartesi,11 Safer 1448,03:36,05:24,12:52,16:47,20:10,21:49
26 Temmuz 2026 Pazar,12 Safer 1448,03:38,05:24,12:52,16:47,20:09,21:48
27 Temmuz 2026 Pazartesi,13 Safer 1448,03:39,05:25,12:52,16:47,20:08,21:47
28 Temmuz 2026 Salı,14 Safer 1448,03:41,05:26,12:52,16:46,20:07,21:45
29 Temmuz 2026 Çarşamba,15 Safer 1448,03:42,05:27,12:52,16:46,20:06,21:44
30 Temmuz 2026 Perşembe,16 Safer 1448,03:44,05:28,12:52,16:46,20:05,21:42
31 Temmuz 2026 Cuma,17 Safer 1448,03:45,05:29,12:52,16:46,20:04,21:41
01 Ağustos 2026 Cumartesi,18 Safer 1448,03:47,05:30,12:52,16:45,20:03,21:39
02 Ağustos 2026 Pazar,19 Safer 1448,03:48,05:31,12:52,16:45,20:02,21:38
03 Ağustos 2026 Pazartesi,20 Safer 1448,03:50,05:32,12:51,16:45,20:01,21:36
04 Ağustos 2026 Salı,21 Safer 1448,03:51,05:33,12:51,16:44,20:00,21:34
05 Ağustos 2026 Çarşamba,22 Safer 1448,03:53,05:34,12:51,16:44,19:59,21:33
06 Ağustos 2026 Perşembe,23 Safer 1448,03:54,05:35,12:51,16:43,19:58,21:31
07 Ağustos 2026 Cuma,24 Safer 1448,03:56,05:36,12:51,16:43,19:56,21:30
08 Ağustos 2026 Cumartesi,25 Safer 1448,03:57,05:37,12:51,16:42,19:55,21:28
09 Ağustos 2026 Pazar,26 Safer 1448,03:59,05:38,12:51,16:42,19:54,21:26
10 Ağustos 2026 Pazartesi,27 Safer 1448,04:00,05:39,12:51,16:41,19:53,21:24
11 Ağustos 2026 Salı,28 Safer 1448,04:02,05:40,12:51,16:41,19:51,21:23
12 Ağustos 2026 Çarşamba,29 Safer 1448,04:03,05:41,12:50,16:40,19:50,21:21
13 Ağustos 2026 Perşembe,30 Safer 1448,04:04,05:42,12:50,16:40,19:49,21:19
14 Ağustos 2026 Cuma,1 Rebiulevvel 1448,04:06,05:43,12:50,16:39,19:47,21:17
15 Ağustos 2026 Cumartesi,2 Rebiulevvel 1448,04:07,05:44,12:50,16:38,19:46,21:16
16 Ağustos 2026 Pazar,3 Rebiulevvel 1448,04:09,05:44,12:50,16:38,19:45,21:14
17 Ağustos 2026 Pazartesi,4 Rebiulevvel 1448,04:10,05:45,12:49,16:37,19:43,21:12
18 Ağustos 2026 Salı,5 Rebiulevvel 1448,04:12,05:46,12:49,16:37,19:42,21:10
19 Ağustos 2026 Çarşamba,6 Rebiulevvel 1448,04:13,05:47,12:49,16:36,19:41,21:08
20 Ağustos 2026 Perşembe,7 Rebiulevvel 1448,04:14,05:48,12:49,16:35,19:39,21:07
21 Ağustos 2026 Cuma,8 Rebiulevvel 1448,04:16,05:49,12:48,16:34,19:38,21:05
22 Ağustos 2026 Cumartesi,9 Rebiulevvel 1448,04:17,05:50,12:48,16:34,19:36,21:03
23 Ağustos 2026 Pazar,10 Rebiulevvel 1448,04:19,05:51,12:48,16:33,19:35,21:01
24 Ağustos 2026 Pazartesi,11 Rebiulevvel 1448,04:20,05:52,12:48,16:32,19:33,20:59
25 Ağustos 2026 Salı,12 Rebiulevvel 1448,04:21,05:53,12:47,16:31,19:32,20:57
26 Ağustos 2026 Çarşamba,13 Rebiulevvel 1448,04:23,05:54,12:47,16:31,19:30,20:56
27 Ağustos 2026 Perşembe,14 Rebiulevvel 1448,04:24,05:55,12:47,16:30,19:29,20:54
28 Ağustos 2026 Cuma,15 Rebiulevvel 1448,04:25,05:56,12:47,16:29,19:27,20:52
29 Ağustos 2026 Cumartesi,16 Rebiulevvel 1448,04:27,05:57,12:46,16:28,19:25,20:50
30 Ağustos 2026 Pazar,17 Rebiulevvel 1448,04:28,05:58,12:46,16:27,19:24,20:48
31 Ağustos 2026 Pazartesi,18 Rebiulevvel 1448,04:29,05:59,12:46,16:26,19:22,20:46
01 Eylül 2026 Salı,19 Rebiulevvel 1448,04:31,06:00,12:45,16:25,19:21,20:44
02 Eylül 2026 Çarşamba,20 Rebiulevvel 1448,04:32,06:01,12:45,16:24,19:19,20:42
03 Eylül 2026 Perşembe,21 Rebiulevvel 1448,04:33,06:02,12:45,16:24,19:17,20:40
04 Eylül 2026 Cuma,22 Rebiulevvel 1448,04:34,06:03,12:44,16:23,19:16,20:39
05 Eylül 2026 Cumartesi,23 Rebiulevvel 1448,04:36,06:04,12:44,16:22,19:14,20:37
06 Eylül 2026 Pazar,24 Rebiulevvel 1448,04:37,06:05,12:44,16:21,19:13,20:35
07 Eylül 2026 Pazartesi,25 Rebiulevvel 1448,04:38,06:06,12:43,16:20,19:11,20:33
08 Eylül 2026 Salı,26 Rebiulevvel 1448,04:39,06:07,12:43,16:19,19:09,20:31
09 Eylül 2026 Çarşamba,27 Rebiulevvel 1448,04:41,06:08,12:43,16:18,19:08,20:29
10 Eylül 2026 Perşembe,28 Rebiulevvel 1448,04:42,06:09,12:42,16:17,19:06,20:27
11 Eylül 2026 Cuma,29 Rebiulevvel 1448,04:43,06:10,12:42,16:16,19:04,20:25
12 Eylül 2026 Cumartesi,1 Rebiulahir 1448,04:44,06:11,12:42,16:14,19:03,20:24
13 Eylül 2026 Pazar,2 Rebiulahir 1448,04:45,06:12,12:41,16:13,19:01,20:22
14 Eylül 2026 Pazartesi,3 Rebiulahir 1448,04:47,06:13,12:41,16:12,18:59,20:20
15 Eylül 2026 Salı,4 Rebiulahir 1448,04:48,06:14,12:41,16:11,18:58,20:18
16 Eylül 2026 Çarşamba,5 Rebiulahir 1448,04:49,06:15,12:40,16:10,18:56,20:16
17 Eylül 2026 Perşembe,6 Rebiulahir 1448,04:50,06:16,12:40,16:09,18:54,20:14
18 Eylül 2026 Cuma,7 Rebiulahir 1448,04:51,06:16,12:40,16:08,18:53,20:12
19 Eylül 2026 Cumartesi,8 Rebiulahir 1448,04:52,06:17,12:39,16:07,18:51,20:11
20 Eylül 2026 Pazar,9 Rebiulahir 1448,04:53,06:18,12:39,16:06,18:49,20:09
21 Eylül 2026 Pazartesi,10 Rebiulahir 1448,04:55,06:19,12:38,16:05,18:48,20:07
22 Eylül 2026 Salı,11 Rebiulahir 1448,04:56,06:20,12:38,16:03,18:46,20:05
23 Eylül 2026 Çarşamba,12 Rebiulahir 1448,04:57,06:21,12:38,16:02,18:44,20:03
24 Eylül 2026 Perşembe,13 Rebiulahir 1448,04:58,06:22,12:37,16:01,18:42,20:02
25 Eylül 2026 Cuma,14 Rebiulahir 1448,04:59,06:23,12:37,16:00,18:41,20:00
26 Eylül 2026 Cumartesi,15 Rebiulahir 1448,05:00,06:24,12:37,15:59,18:39,19:58
27 Eylül 2026 Pazar,16 Rebiulahir 1448,05:01,06:25,12:36,15:58,18:37,19:56
28 Eylül 2026 Pazartesi,17 Rebiulahir 1448,05:02,06:26,12:36,15:56,18:36,19:54
29 Eylül 2026 Salı,18 Rebiulahir 1448,05:03,06:27,12:36,15:55,18:34,19:53
30 Eylül 2026 Çarşamba,19 Rebiulahir 1448,05:04,06:28,12:35,15:54,18:32,19:51
01 Ekim 2026 Perşembe,20 Rebiulahir 1448,05:05,06:29,12:35,15:53,18:31,19:49
02 Ekim 2026 Cuma,21 Rebiulahir 1448,05:07,06:30,12:35,15:52,18:29,19:48
03 Ekim 2026 Cumartesi,22 Rebiulahir 1448,05:08,06:31,12:34,15:50,18:27,19:46
04 Ekim 2026 Pazar,23 Rebiulahir 1448,05:09,06:32,12:34,15:49,18:26,19:44
05 Ekim 2026 Pazartesi,24 Rebiulahir 1448,05:10,06:33,12:34,15:48,18:24,19:43
06 Ekim 2026 Salı,25 Rebiulahir 1448,05:11,06:34,12:33,15:47,18:23,19:41
07 Ekim 2026 Çarşamba,26 Rebiulahir 1448,05:12,06:35,12:33,15:46,18:21,19:39
08 Ekim 2026 Perşembe,27 Rebiulahir 1448,05:13,06:36,12:33,15:44,18:19,19:38
09 Ekim 2026 Cuma,28 Rebiulahir 1448,05:14,06:37,12:33,15:43,18:18,19:36
10 Ekim 2026 Cumartesi,29 Rebiulahir 1448,05:15,06:39,12:32,15:42,18:16,19:35
11 Ekim 2026 Pazar,30 Rebiulahir 1448,05:16,06:40,12:32,15:41,18:15,19:33
12 Ekim 2026 Pazartesi,1 Cemaziyelevvel 1448,05:17,06:41,12:32,15:40,18:13,19:31
13 Ekim 2026 Salı,2 Cemaziyelevvel 1448,05:18,06:42,12:32,15:39,18:11,19:30
14 Ekim 2026 Çarşamba,3 Cemaziyelevvel 1448,05:19,06:43,12:31,15:37,18:10,19:28
15 Ekim 2026 Perşembe,4 Cemaziyelevvel 1448,05:20,06:44,12:31,15:36,18:08,19:27
16 Ekim 2026 Cuma,5 Cemaziyelevvel 1448,05:21,06:45,12:31,15:35,18:07,19:25
17 Ekim 2026 Cumartesi,6 Cemaziyelevvel 1448,05:22,06:46,12:31,15:34,18:05,19:24
18 Ekim 2026 Pazar,7 Cemaziyelevvel 1448,05:23,06:47,12:30,15:33,18:04,19:23
19 Ekim 2026 Pazartesi,8 Cemaziyelevvel 1448,05:24,06:48,12:30,15:32,18:02,19:21
20 Ekim 2026 Salı,9 Cemaziyelevvel 1448,05:25,06:49,12:30,15:30,18:01,19:20
21 Ekim 2026 Çarşamba,10 Cemaziyelevvel 1448,05:26,06:50,12:30,15:29,17:59,19:18
22 Ekim 2026 Perşembe,11 Cemaziyelevvel 1448,05:27,06:51,12:30,15:28,17:58,19:17
23 Ekim 2026 Cuma,12 Cemaziyelevvel 1448,05:28,06:53,12:30,15:27,17:57,19:16
24 Ekim 2026 Cumartesi,13 Cemaziyelevvel 1448,05:29,06:54,12:29,15:26,17:55,19:14
25 Ekim 2026 Pazar,14 Cemaziyelevvel 1448,05:30,06:55,12:29,15:25,17:54,19:13
26 Ekim 2026 Pazartesi,15 Cemaziyelevvel 1448,05:31,06:56,12:29,15:24,17:53,19:12
27 Ekim 2026 Salı,16 Cemaziyelevvel 1448,05:32,06:57,12:29,15:23,17:51,19:11
28 Ekim 2026 Çarşamba,17 Cemaziyelevvel 1448,05:33,06:58,12:29,15:22,17:50,19:09
29 Ekim 2026 Perşembe,18 Cemaziyelevvel 1448,05:34,06:59,12:29,15:21,17:49,19:08
30 Ekim 2026 Cuma,19 Cemaziyelevvel 1448,05:35,07:01,12:29,15:20,17:47,19:07
31 Ekim 2026 Cumartesi,20 Cemaziyelevvel 1448,05:36,07:02,12:29,15:19,17:46,19:06
01 Kasım 2026 Pazar,21 Cemaziyelevvel 1448,05:37,07:03,12:29,15:18,17:45,19:05
02 Kasım 2026 Pazartesi,22 Cemaziyelevvel 1448,05:39,07:04,12:29,15:17,17:44,19:04
03 Kasım 2026 Salı,23 Cemaziyelevvel 1448,05:40,07:05,12:29,15:16,17:42,19:03
04 Kasım 2026 Çarşamba,24 Cemaziyelevvel 1448,05:41,07:06,12:29,15:15,17:41,19:02
05 Kasım 2026 Perşembe,25 Cemaziyelevvel 1448,05:42,07:07,12:29,15:14,17:40,19:01
06 Kasım 2026 Cuma,26 Cemaziyelevvel 1448,05:43,07:09,12:29,15:13,17:39,19:00
07 Kasım 2026 Cumartesi,27 Cemaziyelevvel 1448,05:44,07:10,12:29,15:12,17:38,18:59
08 Kasım 2026 Pazar,28 Cemaziyelevvel 1448,05:45,07:11,12:29,15:12,17:37,18:58
09 Kasım 2026 Pazartesi,29 Cemaziyelevvel 1448,05:46,07:12,12:29,15:11,17:36,18:57
10 Kasım 2026 Salı,1 Cemaziyelahir 1448,05:47,07:13,12:29,15:10,17:35,18:56
11 Kasım 2026 Çarşamba,2 Cemaziyelahir 1448,05:48,07:14,12:29,15:09,17:34,18:55
12 Kasım 2026 Perşembe,3 Cemaziyelahir 1448,05:49,07:16,12:29,15:08,17:33,18:55
13 Kasım 2026 Cuma,4 Cemaziyelahir 1448,05:50,07:17,12:29,15:08,17:32,18:54
14 Kasım 2026 Cumartesi,5 Cemaziyelahir 1448,05:51,07:18,12:30,15:07,17:31,18:53
15 Kasım 2026 Pazar,6 Cemaziyelahir 1448,05:52,07:19,12:30,15:06,17:30,18:52
16 Kasım 2026 Pazartesi,7 Cemaziyelahir 1448,05:53,07:20,12:30,15:06,17:29,18:52
17 Kasım 2026 Salı,8 Cemaziyelahir 1448,05:54,07:22,12:30,15:05,17:29,18:51
18 Kasım 2026 Çarşamba,9 Cemaziyelahir 1448,05:55,07:23,12:30,15:04,17:28,18:51
19 Kasım 2026 Perşembe,10 Cemaziyelahir 1448,05:56,07:24,12:30,15:04,17:27,18:50
20 Kasım 2026 Cuma,11 Cemaziyelahir 1448,05:57,07:25,12:31,15:03,17:26,18:49
21 Kasım 2026 Cumartesi,12 Cemaziyelahir 1448,05:58,07:26,12:31,15:03,17:26,18:49
22 Kasım 2026 Pazar,13 Cemaziyelahir 1448,05:59,07:27,12:31,15:02,17:25,18:48
23 Kasım 2026 Pazartesi,14 Cemaziyelahir 1448,06:00,07:28,12:31,15:02,17:25,18:48
24 Kasım 2026 Salı,15 Cemaziyelahir 1448,06:01,07:29,12:32,15:02,17:24,18:48
25 Kasım 2026 Çarşamba,16 Cemaziyelahir 1448,06:01,07:31,12:32,15:01,17:24,18:47
26 Kasım 2026 Perşembe,17 Cemaziyelahir 1448,06:02,07:32,12:32,15:01,17:23,18:47
27 Kasım 2026 Cuma,18 Cemaziyelahir 1448,06:03,07:33,12:33,15:00,17:23,18:47
28 Kasım 2026 Cumartesi,19 Cemaziyelahir 1448,06:04,07:34,12:33,15:00,17:22,18:46
29 Kasım 2026 Pazar,20 Cemaziyelahir 1448,06:05,07:35,12:33,15:00,17:22,18:46
30 Kasım 2026 Pazartesi,21 Cemaziyelahir 1448,06:06,07:36,12:34,15:00,17:21,18:46
01 Aralık 2026 Salı,22 Cemaziyelahir 1448,06:07,07:37,12:34,14:59,17:21,18:46
02 Aralık 2026 Çarşamba,23 Cemaziyelahir 1448,06:08,07:38,12:34,14:59,17:21,18:46
03 Aralık 2026 Perşembe,24 Cemaziyelahir 1448,06:09,07:39,12:35,14:59,17:21,18:45
04 Aralık 2026 Cuma,25 Cemaziyelahir 1448,06:10,07:40,12:35,14:59,17:20,18:45
05 Aralık 2026 Cumartesi,26 Cemaziyelahir 1448,06:10,07:41,12:36,14:59,17:20,18:45
06 Aralık 2026 Pazar,27 Cemaziyelahir 1448,06:11,07:42,12:36,14:59,17:20,18:45
07 Aralık 2026 Pazartesi,28 Cemaziyelahir 1448,06:12,07:43,12:36,14:59,17:20,18:45
08 Aralık 2026 Salı,29 Cemaziyelahir 1448,06:13,07:44,12:37,14:59,17:20,18:45
09 Aralık 2026 Çarşamba,30 Cemaziyelahir 1448,06:14,07:45,12:37,14:59,17:20,18:46
10 Aralık 2026 Perşembe,1 Recep 1448,06:14,07:45,12:38,14:59,17:20,18:46
11 Aralık 2026 Cuma,2 Recep 1448,06:15,07:46,12:38,14:59,17:20,18:46
12 Aralık 2026 Cumartesi,3 Recep 1448,06:16,07:47,12:39,15:00,17:20,18:46
13 Aralık 2026 Pazar,4 Recep 1448,06:17,07:48,12:39,15:00,17:20,18:46
14 Aralık 2026 Pazartesi,5 Recep 1448,06:17,07:49,12:40,15:00,17:21,18:47
15 Aralık 2026 Salı,6 Recep 1448,06:18,07:49,12:40,15:00,17:21,18:47
16 Aralık 2026 Çarşamba,7 Recep 1448,06:19,07:50,12:41,15:01,17:21,18:47
17 Aralık 2026 Perşembe,8 Recep 1448,06:19,07:51,12:41,15:01,17:21,18:47
18 Aralık 2026 Cuma,9 Recep 1448,06:20,07:51,12:42,15:01,17:22,18:48
19 Aralık 2026 Cumartesi,10 Recep 1448,06:20,07:52,12:42,15:02,17:22,18:48
20 Aralık 2026 Pazar,11 Recep 1448,06:21,07:52,12:43,15:02,17:23,18:49
21 Aralık 2026 Pazartesi,12 Recep 1448,06:21,07:53,12:43,15:03,17:23,18:49
22 Aralık 2026 Salı,13 Recep 1448,06:22,07:54,12:44,15:03,17:24,18:50
23 Aralık 2026 Çarşamba,14 Recep 1448,06:22,07:54,12:44,15:04,17:24,18:50
24 Aralık 2026 Perşembe,15 Recep 1448,06:23,07:54,12:45,15:04,17:25,18:51
25 Aralık 2026 Cuma,16 Recep 1448,06:23,07:55,12:45,15:05,17:25,18:51
26 Aralık 2026 Cumartesi,17 Recep 1448,06:24,07:55,12:46,15:05,17:26,18:52
27 Aralık 2026 Pazar,18 Recep 1448,06:24,07:56,12:46,15:06,17:26,18:52
28 Aralık 2026 Pazartesi,19 Recep 1448,06:24,07:56,12:46,15:07,17:27,18:53
29 Aralık 2026 Salı,20 Recep 1448,06:25,07:56,12:47,15:07,17:28,18:54
30 Aralık 2026 Çarşamba,21 Recep 1448,06:25,07:56,12:47,15:08,17:29,18:54
31 Aralık 2026 Perşembe,22 Recep 1448,06:25,07:57,12:48,15:09,17:29,18:55
